variant,variant_name,pattern,target_rps,zt_ac4a,zt_sr,zt_mtls,zt_ra,zt_ra_ms,zt_broker_mtls,s1_p50,s1_p75,s1_p90,s1_p95,s1_p99,s1_p999,s1_mean,s1_throughput,s1_failure_rate,s1_count,s2_p50,s2_p75,s2_p90,s2_p95,s2_p99,s2_p999,s2_mean,s2_throughput,s2_failure_rate,s2_count,span_gateway_auth_p50,span_gateway_auth_p75,span_gateway_auth_p95,span_gateway_auth_p99,span_gateway_auth_mean,span_gateway_auth_count,span_risk_analysis_p50,span_risk_analysis_p75,span_risk_analysis_p95,span_risk_analysis_p99,span_risk_analysis_mean,span_risk_analysis_count,span_mtls_handshake_p50,span_mtls_handshake_p75,span_mtls_handshake_p95,span_mtls_handshake_p99,span_mtls_handshake_mean,span_mtls_handshake_count,span_ac4a_verify_p50,span_ac4a_verify_p75,span_ac4a_verify_p95,span_ac4a_verify_p99,span_ac4a_verify_mean,span_ac4a_verify_count,span_vault_load_p50,span_vault_load_p75,span_vault_load_p95,span_vault_load_p99,span_vault_load_mean,span_vault_load_count,span_ra_ms_other_p50,span_ra_ms_other_p75,span_ra_ms_other_p95,span_ra_ms_other_p99,span_ra_ms_other_mean,span_ra_ms_other_count,span_ra_ms_exercise_p50,span_ra_ms_exercise_p75,span_ra_ms_exercise_p95,span_ra_ms_exercise_p99,span_ra_ms_exercise_mean,span_ra_ms_exercise_count,res_gateway_cpu,res_exercise_cpu,res_other_cpu,res_ra_cpu,res_gateway_mem_mb,res_exercise_mem_mb,res_other_mem_mb
10,v10-sr-ra,grpc,5.0,false,true,false,true,false,false,34.0,49.0,62.0,69.0,81.01000000000022,95.80100000000039,38.71888888888889,17.106160355998203,0.0,7200,16.0,24.0,30.0,32.549999999999955,40.0,46.7190000000013,18.987654320987655,2.8795085638717657,0.0,810,1.304,1.434,1.6490500000000001,2.22701,1.2937452,5000,4.0344999999999995,4.6585,7.0511000000000035,11.708180000000027,4.3726534,5000,,,,,,0,,,,,,0,16.319499999999998,21.231749999999998,25.16155,25.947509999999998,16.319499999999998,2,,,,,,0,,,,,,0,19.3614455782517,10.327589595206465,26.289773888545618,7.715837902707656,113.75794374193548,117.43258425806452,86.470656
10,v10-sr-ra,http,5.0,false,true,false,true,false,false,33.0,48.0,62.0,69.0,83.0,99.80100000000039,38.55,17.114780752527402,0.0,7200,16.0,24.0,29.0,32.0,41.819999999999936,47.573000000000434,18.58395061728395,2.854333830198852,0.0,810,1.283,1.421,1.6421000000000003,2.1844400000000097,1.2767448000000001,5000,3.9825,4.613250000000001,6.86005,10.665630000000013,4.2932847999999995,5000,,,,,,0,,,,,,0,5.466,13.217,19.4178,20.65796,10.529,3,,,,,,0,,,,,,0,17.669048341112294,10.410328053218047,25.897201450168335,7.641641681616845,118.726656,123.994112,87.293952
10,v10-sr-ra,queue,5.0,false,true,false,true,false,false,34.0,49.0,63.0,71.0,88.0,109.40300000000116,39.259861111111114,17.062096552508603,0.0,7200,16.0,24.0,29.0,34.0,41.90999999999997,53.191000000000145,19.145679012345678,2.901603404547995,0.0,810,1.2925,1.442,1.7301000000000004,2.303100000000002,1.291511,5000,3.9135,4.534,6.97205,11.624020000000002,4.245102800000001,5000,,,,,,0,,,,,,0,13.470500000000001,17.59475,20.89415,21.55403,13.470500000000001,2,,,,,,0,,,,,,0,18.89966384664501,10.59541305850892,26.896188468929108,7.489058164252415,86.614016,116.63505341935485,86.1184
10,v10-sr-ra,topic,5.0,false,true,false,true,false,false,34.0,49.0,63.0,70.0,85.0,110.80100000000039,38.971111111111114,17.05066177881029,0.0,7200,17.0,24.0,29.0,32.549999999999955,40.90999999999997,51.056000000002314,19.035802469135803,2.9155358466932064,0.0,810,1.313,1.444,1.677,2.3213400000000077,1.2989240000000002,5000,4.137,4.77975,7.235150000000001,12.40392000000002,4.498117,5000,,,,,,0,,,,,,0,5.488,15.751,23.961399999999998,25.603479999999998,12.257666666666665,3,,,,,,0,,,,,,0,19.715664731265843,10.243471063574784,26.47692541275303,7.22973978395843,109.8273692903226,124.686336,111.20111483870969
10,v10-sr-ra,websocket,5.0,false,true,false,true,false,false,34.0,49.0,62.0,69.0,83.0,105.80100000000039,38.93763888888889,17.162880503444494,0.0,7200,16.0,24.0,28.0,32.0,39.0,43.0,18.68888888888889,2.8990279308814477,0.0,810,1.302,1.431,1.65605,2.1400500000000013,1.2876740000000002,5000,3.9135,4.52025,6.9121500000000005,11.904160000000003,4.248425,5000,,,,,,0,,,,,,0,6.853,18.328,27.508,29.344,13.737000000000002,3,,,,,,0,,,,,,0,19.179983644104688,10.199537575669057,25.94545199659494,6.801541797815962,90.750976,101.998592,118.19140129032259
11,v11-mtls-ra,grpc,5.0,false,false,true,true,false,false,34.0,49.0,63.0,69.0,83.0,105.20400000000154,38.951388888888886,17.096980245864074,0.0,7200,16.0,24.0,29.0,33.0,42.0,50.76400000000058,18.95679012345679,2.870538704430198,0.0,810,1.345,1.4732500000000002,1.713,2.1580200000000005,1.3324331999999999,5000,4.156,4.8675,7.7250499999999995,12.048150000000003,4.5654981999999995,5000,9.77,11.716,22.244799999999984,35.780159999999995,11.874352941176472,17,,,,,,0,,,,,,0,,,,,,0,,,,,,0,19.69108523736929,10.249908182775025,27.42407167255646,7.338075997957039,117.79673187096775,102.383616,113.9142656
11,v11-mtls-ra,http,5.0,false,false,true,true,false,false,34.0,49.0,63.0,70.0,85.0,115.00500000000193,39.2425,17.068972874557275,0.0,7200,16.0,24.0,29.0,32.0,38.90999999999997,46.573000000000434,18.906172839506173,2.878659184522054,0.0,810,1.34,1.466,1.717,2.28701,1.3281172,5000,4.272,5.0275,7.807300000000005,13.04348000000001,4.702369200000001,5000,10.913,12.7225,23.04489999999997,37.56017999999996,12.442,18,,,,,,0,,,,,,0,,,,,,0,,,,,,0,19.933013136149764,10.444207675638035,27.135157632466726,7.351534541475275,115.93252335483871,118.61870658064515,109.02957419354838
11,v11-mtls-ra,queue,5.0,false,false,true,true,false,false,34.0,49.0,63.0,71.0,87.0,115.0,39.576388888888886,17.126668363475478,0.0,7200,16.0,25.0,30.0,32.549999999999955,43.90999999999997,53.191000000000145,19.271604938271604,2.9267869660420445,0.0,810,1.354,1.495,1.7921000000000005,2.3960200000000005,1.3477396000000001,5000,4.369,5.1135,7.736250000000001,12.22201,4.7590452,5000,9.361,13.524,24.91839999999998,41.88927999999999,12.845470588235294,17,,,,,,0,,,,,,0,,,,,,0,,,,,,0,19.702615263552158,9.844804428637733,26.11334849060007,7.374409142147728,114.83690941935484,124.0064,113.74195612903226
11,v11-mtls-ra,topic,5.0,false,false,true,true,false,false,34.0,49.0,63.0,69.0,85.0,103.0,39.20611111111111,17.03424356129252,0.0,7200,16.0,24.0,29.0,32.0,40.90999999999997,50.76400000000058,18.97283950617284,2.909838126782725,0.0,810,1.3525,1.481,1.72005,2.3340600000000014,1.3363496,5000,4.249499999999999,4.93225,7.822100000000001,12.751740000000016,4.669866799999999,5000,9.484,11.406,20.403999999999975,41.53039999999999,11.493882352941176,17,,,,,,0,,,,,,0,,,,,,0,,,,,,0,18.742690330327395,10.052898990658479,25.95290334431663,7.082588969914224,116.71552,116.79321187096775,90.4192
11,v11-mtls-ra,websocket,5.0,false,false,true,true,false,false,34.0,49.0,63.0,70.0,83.0,103.60200000000077,39.23486111111111,17.11103875887932,0.0,7200,16.0,24.0,30.0,32.0,41.0,55.24700000000246,19.033333333333335,2.9234489479192987,0.0,810,1.339,1.475,1.7,2.149170000000004,1.3275968,5000,4.1765,4.8515,7.5181000000000004,11.82506,4.557945200000001,5000,8.750499999999999,10.967749999999999,19.2275,36.74389999999999,10.7919375,16,,,,,,0,,,,,,0,,,,,,0,,,,,,0,19.852105112809223,10.34696837650099,27.281501564602042,7.264249774933888,88.2688,118.68555946666667,89.595904
12,v12-ac4a-sr-mtls,grpc,5.0,true,true,true,false,false,false,29.0,44.0,57.0,64.0,78.0,95.80100000000039,34.27166666666667,17.159526397071442,0.0,7200,11.0,20.0,23.0,27.0,32.0,36.95500000000072,14.235802469135802,2.8345563919246635,0.0,810,1.346,1.473,1.697,2.2377500000000166,1.3329085999999999,5000,,,,,,0,10.32,13.2785,28.649,53.594599999999986,13.6256875,16,0.3425,0.403,0.4935499999999997,0.649,0.3566767441860465,3870,5.67,13.3245,19.448099999999997,20.672819999999998,10.768666666666666,3,,,,,,0,,,,,,0,13.277660421720629,10.030395933476301,26.183011822221992,,114.778496,119.387776,86.667264
12,v12-ac4a-sr-mtls,http,5.0,true,true,true,false,false,false,29.0,44.0,58.0,64.0,78.01000000000022,101.0,34.401944444444446,17.121333181143704,0.0,7200,11.0,20.0,24.0,26.0,31.909999999999968,35.52800000000116,14.201234567901235,2.8375253976038675,0.0,810,1.353,1.475,1.704,2.249170000000004,1.334452,5000,,,,,,0,10.771,15.73925,24.447,34.23179999999999,13.6900625,16,0.352,0.411,0.499,0.6969299999999998,0.36651757105943156,3870,5.198,12.621,18.5594,19.74708,10.131333333333334,3,,,,,,0,,,,,,0,13.356026531574916,10.129358113718208,25.98843797939902,,114.629632,123.203584,114.705536
12,v12-ac4a-sr-mtls,queue,5.0,true,true,true,false,false,false,29.0,45.0,59.0,66.0,83.0,114.80600000000231,35.12486111111111,17.116733746829244,0.0,7200,11.0,20.0,24.0,27.0,38.819999999999936,58.33700000000101,14.669135802469135,2.9036004645760745,0.0,810,1.35,1.485,1.7721000000000005,2.3072000000000044,1.3476774,5000,,,,,,0,12.082,12.7055,19.71289999999995,43.380979999999944,12.660444444444444,18,0.3445,0.405,0.4925499999999997,0.6945499999999997,0.3577258397932816,3870,13.7735,18.12425,21.60485,22.30097,13.7735,2,,,,,,0,,,,,,0,13.661875220715311,10.070229855649776,26.995931225781835,,114.59603819354838,115.86632670967741,110.21543225806452
12,v12-ac4a-sr-mtls,topic,5.0,true,true,true,false,false,false,29.0,45.0,59.0,65.0,81.0,101.80100000000039,34.85875,17.16635870537045,0.0,7200,11.0,20.0,24.0,26.0,32.90999999999997,38.573000000000434,14.303703703703704,2.870996554804134,0.0,810,1.3685,1.498,1.724,2.2521100000000023,1.3558364,5000,,,,,,0,8.780999999999999,13.632249999999999,26.074,43.243599999999994,12.9514375,16,0.342,0.40375000000000005,0.486,0.6695499999999998,0.35469999999999996,3870,13.733,17.639000000000003,20.7638,21.38876,13.733,2,,,,,,0,,,,,,0,13.209012192516441,10.090508970821988,26.5752840276027,,121.110528,115.13168929032258,85.712896
12,v12-ac4a-sr-mtls,websocket,5.0,true,true,true,false,false,false,30.0,45.0,58.0,65.0,78.0,97.60200000000077,34.75625,17.081931586863995,0.0,7200,11.0,20.0,24.0,27.0,34.0,41.191000000000145,14.503703703703703,2.8682008590438626,0.0,810,1.355,1.478,1.701,2.1901100000000024,1.3366594,5000,,,,,,0,11.655,14.023499999999999,30.900799999999975,43.84015999999999,14.745066666666666,15,0.344,0.40575000000000006,0.49,0.6347899999999995,0.3576410852713178,3870,5.796,13.546999999999999,19.747799999999998,20.987959999999998,10.826333333333332,3,,,,,,0,,,,,,0,13.33065516636223,10.17723971452376,26.314821456205873,,122.703872,124.874752,88.313856
13,v13-ac4a-sr-ra,grpc,5.0,true,true,false,true,false,false,34.0,50.0,63.0,70.0,84.0,105.80100000000039,39.20875,17.135554132881463,0.0,7200,16.0,24.0,29.0,32.0,39.819999999999936,53.38200000000029,18.807407407407407,2.9148433901427917,0.0,810,1.315,1.434,1.67,2.2490300000000008,1.2981664000000002,5000,4.048500000000001,4.705,7.049100000000001,12.207370000000008,4.3922756000000005,5000,,,,,,0,0.333,0.399,0.488,0.6954099999999993,0.3538322997416021,3870,14.042000000000002,18.1625,21.4589,22.118180000000002,14.042000000000002,2,,,,,,0,,,,,,0,19.549265491289216,10.272242943490358,26.718622118553252,7.056517512698263,113.0971664516129,138.35336670967743,118.82152464516129
13,v13-ac4a-sr-ra,http,5.0,true,true,false,true,false,false,34.0,49.0,63.0,70.0,84.0,100.60200000000077,38.91736111111111,17.072494077978618,0.0,7200,16.0,24.0,29.0,33.0,43.90999999999997,59.20200000000318,18.81111111111111,2.8507876620725576,0.0,810,1.292,1.424,1.64405,2.1220300000000005,1.2810958000000001,5000,3.814,4.38225,6.403500000000001,10.227280000000006,4.0902652,5000,,,,,,0,0.332,0.401,0.486,0.6739299999999999,0.3531537467700258,3870,7.797,15.9875,22.5399,23.85038,12.400999999999998,3,,,,,,0,,,,,,0,18.285094437309148,10.230721985258906,25.330724807857464,7.08102321759924,122.486784,118.689792,116.123648
13,v13-ac4a-sr-ra,queue,5.0,true,true,false,true,false,false,34.0,50.0,65.0,73.0,89.0,114.80100000000039,39.98888888888889,17.12748318771008,0.0,7200,16.0,24.0,30.0,33.0,42.0,52.0,19.0641975308642,2.925264898988075,0.0,810,1.305,1.436,1.709,2.3131100000000027,1.2992024000000002,5000,3.9875,4.642250000000001,7.161850000000003,11.528770000000018,4.350506,5000,,,,,,0,0.34,0.408,0.5030999999999994,0.6963099999999999,0.36176149870801033,3870,13.5145,17.70375,21.05515,21.72543,13.5145,2,,,,,,0,,,,,,0,18.809897895944584,9.979513498433146,26.555476018646864,7.275503761506631,112.66246193548388,126.738432,85.4016
13,v13-ac4a-sr-ra,topic,5.0,true,true,false,true,false,false,34.0,50.0,64.0,71.0,86.0,106.60200000000077,39.60208333333333,17.117506930212876,0.0,7200,16.0,25.0,30.100000000000023,34.0,41.0,55.38200000000029,19.35925925925926,2.8650254668930386,0.0,810,1.301,1.428,1.636,2.325090000000002,1.2920407999999999,5000,4.028,4.62125,7.074900000000003,11.86096000000002,4.379287799999999,5000,,,,,,0,0.333,0.397,0.477,0.6471699999999997,0.34926873385012913,3870,6.251,14.884,21.790399999999998,23.17168,11.949666666666666,3,,,,,,0,,,,,,0,19.268270998055435,10.054855442888988,26.538620444977177,7.495640139643352,111.5718689032258,116.45681135483872,110.9949935483871
13,v13-ac4a-sr-ra,websocket,5.0,true,true,false,true,false,false,34.0,49.0,63.0,71.0,88.0,103.40300000000116,39.49194444444444,17.16423069679625,0.0,7200,16.0,25.0,29.0,34.0,41.90999999999997,53.7190000000013,19.146913580246913,2.922436373869811,0.0,810,1.3115,1.432,1.658,2.084100000000002,1.300508,5000,4.0675,4.69575,7.149150000000001,11.609200000000005,4.406662,5000,,,,,,0,0.349,0.417,0.498,0.649,0.36590956072351427,3870,13.718,17.333,20.225,20.8034,13.718,2,,,,,,0,,,,,,0,19.95192744154809,10.290167776495936,26.63662093531254,7.563390714375425,78.778368,121.09942916129032,115.30213574193547
14,v14-ac4a-mtls-ra,grpc,5.0,true,false,true,true,false,false,34.0,50.0,64.0,72.0,90.0,112.80100000000039,39.92805555555555,17.092272156451266,0.0,7200,16.0,25.0,29.0,33.549999999999955,42.0,56.0,19.235802469135802,2.8961670480549198,0.0,810,1.331,1.46,1.704,2.3551200000000025,1.320212,5000,4.295,5.00825,7.563500000000001,11.90737000000003,4.6759034,5000,8.809,13.392,20.768999999999984,34.532199999999996,11.677529411764707,17,0.353,0.413,0.4935499999999997,0.6259299999999999,0.36514780361757104,3870,,,,,,0,,,,,,0,,,,,,0,19.52886097110107,10.411949788160758,27.640039382368464,7.345641051649701,86.515712,139.874304,87.113728
14,v14-ac4a-mtls-ra,http,5.0,true,false,true,true,false,false,34.0,50.0,64.0,71.0,87.0,106.0,39.750416666666666,17.139143661730433,0.0,7200,16.0,25.0,30.0,34.0,46.0,50.191000000000145,19.50864197530864,2.9074254209485386,0.0,810,1.342,1.465,1.6831000000000005,2.059040000000001,1.3280848,5000,4.2,4.85275,7.43815,11.507090000000002,4.5491078,5000,9.797,16.177,29.615599999999976,52.83672,14.323705882352941,17,0.3605,0.42,0.5030999999999994,0.67731,0.3724364341085271,3870,,,,,,0,,,,,,0,,,,,,0,19.73535590019384,10.506501509443416,27.951139663073686,7.581604919968103,84.938752,136.47237780645162,86.294528
14,v14-ac4a-mtls-ra,queue,5.0,true,false,true,true,false,false,34.0,50.0,65.0,72.0,90.0,117.60200000000077,40.13763888888889,17.048764201383793,0.0,7200,16.0,24.0,30.0,34.0,43.0,56.38200000000029,19.32962962962963,2.87485847533123,0.0,810,1.355,1.498,1.788,2.4051300000000024,1.3546356,5000,4.257,4.96325,7.764100000000001,12.58301,4.6693644,5000,9.023499999999999,18.867,33.96779999999998,41.85035999999998,13.902166666666666,18,0.353,0.417,0.5055499999999997,0.645,0.36555865633074935,3870,,,,,,0,,,,,,0,,,,,,0,19.567706583873164,10.021337804310534,27.1901153475096,7.214580444323396,115.66298012903225,133.6458735483871,110.42010012903225
14,v14-ac4a-mtls-ra,topic,5.0,true,false,true,true,false,false,34.0,50.0,64.0,70.04999999999927,86.0,107.0,39.66861111111111,17.163944274394257,0.0,7200,16.0,25.0,29.0,33.0,38.90999999999997,56.38200000000029,19.128395061728394,2.8735326358808444,0.0,810,1.353,1.478,1.69205,2.289040000000001,1.3374145999999998,5000,4.094,4.767250000000001,7.448850000000004,12.081420000000008,4.502241400000001,5000,9.832,12.598,23.13299999999998,42.243399999999994,12.279294117647058,17,0.351,0.411,0.495,0.6525499999999997,0.36149250645994835,3870,,,,,,0,,,,,,0,,,,,,0,19.580446855341403,9.84647396101259,27.166669034025407,6.964175499366477,114.77626219354838,118.669312,111.235072
14,v14-ac4a-mtls-ra,websocket,5.0,true,false,true,true,false,false,34.0,49.0,65.0,71.0,85.0,111.80100000000039,39.75875,17.06614077669903,0.0,7200,16.0,25.0,29.0,32.0,41.0,46.38200000000029,19.034567901234567,2.873981244611285,0.0,810,1.343,1.472,1.70805,2.2230200000000004,1.3266646,5000,4.089,4.758,7.565850000000004,12.03549000000001,4.4890218,5000,9.415,12.706,27.454799999999985,41.86376,12.818294117647058,17,0.357,0.415,0.498,0.6933399999999992,0.36714547803617575,3870,,,,,,0,,,,,,0,,,,,,0,20.022436938594133,10.47052255735168,27.944195725741093,7.442839092131044,116.678656,118.52308479999999,113.027072
15,v15-sr-mtls-ra,grpc,5.0,false,true,true,true,false,false,35.0,50.0,64.0,71.0,86.01000000000022,105.60200000000077,40.03611111111111,17.132414528287523,0.0,7200,17.0,25.0,30.0,33.0,38.0,46.38200000000029,19.396296296296295,2.9078220412910727,0.0,810,1.364,1.494,1.716,2.277,1.3430586,5000,4.2925,4.989,7.791250000000002,12.61645000000001,4.7070364,5000,10.1625,12.45775,22.344299999999958,42.20165999999995,12.050055555555554,18,,,,,,0,12.474,16.609,19.916999999999998,20.578599999999998,12.474,2,,,,,,0,,,,,,0,20.50399173585493,11.320707487715305,27.270794292510647,7.576696496995422,116.9874415483871,119.15448980645162,116.62276541935483
15,v15-sr-mtls-ra,http,5.0,false,true,true,true,false,false,34.0,49.0,63.0,70.0,85.0,101.0,39.34763888888889,17.060762379123315,0.0,7200,16.0,24.0,28.0,31.0,40.90999999999997,52.10100000000159,18.709876543209877,2.937954748242668,0.0,810,1.347,1.47825,1.7190500000000002,2.2860400000000007,1.3320205999999999,5000,4.1185,4.74425,7.422650000000002,11.079260000000007,4.478860600000001,5000,9.153,10.2355,23.269099999999966,41.11461999999998,11.226266666666666,15,,,,,,0,6.525,13.357,18.822599999999998,19.91572,10.589666666666666,3,,,,,,0,,,,,,0,19.507364734509675,10.51301456148135,27.19649128011468,7.534898087550531,84.598784,102.371328,85.46304
15,v15-sr-mtls-ra,queue,5.0,false,true,true,true,false,false,34.0,50.0,64.0,71.0,87.0,113.60200000000077,40.07402777777778,17.120641072893505,0.0,7200,17.0,25.0,29.0,32.0,40.0,56.573000000000434,19.47530864197531,2.8393754776109987,0.0,810,1.359,1.494,1.7820500000000001,2.4670700000000014,1.3538994,5000,4.325,5.03825,8.035750000000004,12.562220000000003,4.7434578,5000,9.171,11.496,23.304599999999965,54.13531999999999,11.930529411764708,17,,,,,,0,13.729,17.994,21.406,22.0884,13.729,2,,,,,,0,,,,,,0,19.03534464005427,10.186177730031066,26.05363654443218,7.108221170581492,111.665152,101.945344,88.1664
15,v15-sr-mtls-ra,topic,5.0,false,true,true,true,false,false,35.0,50.0,64.0,71.0,86.0,105.0,40.014722222222225,17.075490268156347,0.0,7200,16.0,25.0,30.0,32.0,42.0,55.38200000000029,19.451851851851853,2.8695319474556817,0.0,810,1.379,1.513,1.75405,2.381070000000001,1.3959970000000002,5000,4.452,5.22025,8.215150000000001,12.640220000000005,4.8636732,5000,10.1175,13.99675,26.674150000000015,44.67322999999997,13.65795,20,,,,,,0,5.954,14.693,21.684199999999997,23.08244,11.118333333333332,3,,,,,,0,,,,,,0,19.613144443889638,10.467451347707089,26.448490410589965,7.336498008691513,114.91314787096775,100.032512,111.74284387096775
15,v15-sr-mtls-ra,websocket,5.0,false,true,true,true,false,false,35.0,50.0,64.0,71.0,86.0,108.60200000000077,39.89375,17.158176943699733,0.0,7200,17.0,25.0,29.100000000000023,33.0,42.90999999999997,48.191000000000145,19.433333333333334,2.8959599570968897,0.0,810,1.345,1.479,1.7030500000000002,2.221320000000007,1.3298294,5000,4.301,4.9725,8.172600000000003,12.23701,4.7231448,5000,12.116,15.8215,31.280399999999972,45.46407999999998,15.516666666666667,15,,,,,,0,14.609499999999999,18.83475,22.214949999999998,22.89099,14.609499999999999,2,,,,,,0,,,,,,0,19.790778536083195,10.483928664700743,28.019646148022822,7.439472110927484,89.612288,117.51371148387096,83.206144
16,v16-all,grpc,5.0,true,true,true,true,false,false,34.0,50.0,65.0,72.0,86.0,103.80100000000039,39.90013888888889,17.07767734100564,0.0,7200,17.0,25.0,30.0,35.0,44.0,61.38200000000029,19.776543209876543,2.9100367526863953,0.0,810,1.354,1.483,1.73405,2.2410200000000007,1.3551832,5000,4.334,5.045,7.764300000000005,12.548530000000012,4.7462912,5000,9.605,13.660499999999999,22.23959999999995,39.07752000000001,12.616052631578945,19,0.3575,0.415,0.496,0.6936199999999998,0.3694085271317829,3870,13.804,18.0065,21.368499999999997,22.0409,13.804,2,,,,,,0,,,,,,0,20.05540991670916,10.379795534905435,27.608378265366966,7.374717899640703,87.441408,101.15072,86.339584
16,v16-all,grpc,15.0,true,true,true,true,false,false,19.0,28.0,37.0,43.0,55.0,73.40100000000166,22.464907407407406,51.00595069424766,0.0,21600,9.0,14.0,18.0,21.0,27.0,37.57400000000007,10.864441697569015,8.626756808633155,0.0,2427,0.796,0.852,1.0201000000000005,1.2100700000000015,0.7685282,5000,,,,,,0,7.0649999999999995,9.123000000000001,11.860999999999981,26.13112999999999,7.8489249999999995,40,,,,,,0,3.016,8.411999999999999,12.7288,13.59216,6.384999999999999,3,,,,,,0,,,,,,0,29.909313566486638,17.048096452683115,39.73599339084947,10.317838703407938,89.489408,122.08418683870968,138.7926957419355
16,v16-all,http,5.0,true,true,true,true,false,false,34.0,50.0,64.0,71.0,84.01000000000022,107.80100000000039,39.892916666666665,17.026509329108237,0.0,7200,16.0,25.0,30.0,35.0,44.0,53.52800000000116,19.374074074074073,2.9202238117212738,0.0,810,1.35,1.4732500000000002,1.7070500000000002,2.3973500000000074,1.3425200000000002,5000,4.21,4.8695,7.55505,11.871160000000003,4.5900896,5000,11.5235,16.215500000000002,27.263149999999957,47.06542999999995,14.098777777777777,18,0.351,0.414,0.498,0.6782399999999998,0.3654020671834625,3870,15.869499999999999,21.15825,25.389249999999997,26.23545,15.869499999999999,2,,,,,,0,,,,,,0,19.76921822367062,10.48914828356049,27.822662758203357,7.73837253027701,115.03219612903226,116.113408,116.26971664516128
16,v16-all,http,15.0,true,true,true,true,false,false,19.0,28.0,37.0,43.0,57.0,86.0050000000083,22.74800925925926,50.97657909393851,0.0,21600,10.0,14.0,18.0,21.0,29.0,39.0,10.989699217140503,8.38058273883107,0.0,2427,0.798,0.855,1.0260500000000001,1.189130000000003,0.776436,5000,,,,,,0,5.302,6.841,12.539,25.77880000000002,6.594731707317072,41,,,,,,0,3.656,8.29,11.9972,12.73864,6.4239999999999995,3,,,,,,0,,,,,,0,28.32580909711766,16.218805836556385,37.364287776932926,9.982775951637876,121.29792,139.203072,102.207488
16,v16-all,queue,5.0,true,true,true,true,false,false,35.0,51.0,65.0,73.0,91.0,113.60200000000077,40.410555555555554,17.076178730670716,0.0,7200,16.0,25.0,30.0,34.0,42.90999999999997,62.573000000000434,19.52716049382716,2.906861988652472,0.0,810,1.353,1.488,1.766,2.4012100000000043,1.3485894,5000,4.1955,4.8695,7.820400000000002,12.553030000000001,4.6277878,5000,10.031,13.985,25.941599999999987,37.88272,12.867705882352944,17,0.349,0.413,0.4965499999999997,0.6446199999999999,0.3625038759689922,3870,13.7615,17.71825,20.88365,21.51673,13.7615,2,,,,,,0,,,,,,0,19.564341840012187,10.574372808972017,27.638543020799098,7.241485518956061,84.443136,104.194048,109.53734606451613
16,v16-all,queue,15.0,true,true,true,true,false,false,21.0,30.0,41.0,48.0,65.0,86.0,24.801203703703703,51.21529630182881,0.0,21600,11.0,15.0,20.0,23.0,31.0,48.88800000000083,12.182529872270292,8.484856960064887,0.0,2427,0.838,0.9,1.03905,1.3451300000000028,0.8257182000000001,5000,,,,,,0,6.227,8.07075,16.469150000000003,24.938750000000002,7.447568181818181,44,,,,,,0,3.893,9.827,14.574199999999998,15.523639999999999,7.356333333333333,3,,,,,,0,,,,,,0,31.261552292056855,17.63898726804636,41.09169656527594,10.817619548169581,126.12191793548388,118.72956283870968,143.36634219354838
16,v16-all,topic,5.0,true,true,true,true,false,false,35.0,51.0,65.0,72.0,85.0,98.60200000000077,40.38944444444444,17.102869006275803,0.0,7200,17.0,25.0,30.0,33.0,39.0,58.52800000000116,19.56543209876543,2.84840173014031,0.0,810,1.353,1.483,1.704,2.1250700000000013,1.334285,5000,4.3505,5.086,7.8286000000000024,11.988180000000003,4.7490548,5000,8.846,12.726,20.615,53.70140000000003,12.365285714285713,21,0.3535,0.415,0.4935499999999997,0.6516199999999999,0.3637496124031008,3870,21.7565,28.70675,34.266949999999994,35.378989999999995,21.7565,2,,,,,,0,,,,,,0,20.021048411596798,10.248987750577998,27.225442316111877,7.166566000130016,116.88094554838709,118.136832,83.349504
16,v16-all,websocket,5.0,true,true,true,true,false,false,34.0,50.0,64.0,71.0,86.01000000000022,115.20400000000154,39.899027777777775,17.071077327238324,0.0,7200,16.0,25.0,29.100000000000023,34.0,42.0,49.7190000000013,19.341975308641974,2.9212664591725965,0.0,810,1.346,1.467,1.702,2.2851900000000045,1.3345874,5000,4.156,4.817,7.887000000000004,12.634100000000002,4.5971836,5000,9.817,10.983749999999999,26.0105,42.12049999999999,12.1786875,16,0.356,0.418,0.49909999999999943,0.6660999999999995,0.3679731266149871,3870,15.219000000000001,20.222,24.2244,25.02488,15.219000000000001,2,,,,,,0,,,,,,0,19.30789599972174,10.851837031607252,28.114435696901634,7.6236885817340845,114.8591070967742,124.5184,118.07010683870968
17,v17-ra-ms,grpc,20.0,false,false,false,false,true,false,19.0,32.0,55.0,150.1999999999971,1426.0,19260.632000000012,135.29270410112164,67.96891042510958,0.010416666666666668,28800,10.0,18.0,50.0,655.1999999999998,12437.199999999999,19228.480000000007,265.55294844087683,11.094023475899013,0.030864197530864196,3240,0.724,0.815,0.99,1.2971500000000031,0.6959758,5000,,,,,,0,,,,,,0,,,,,,0,,,,,,0,3.391,12.274750000000001,26.062500000000014,38.84184000000004,7.8230744,5000,,,,,,0,24.355437809133143,21.739403631098035,52.535429848209596,10.935252682059595,113.962624,126.3872,189.8776113548387
17,v17-ra-ms,http,20.0,false,false,false,false,true,false,18.0,27.0,38.0,46.0,70.0,916.8040000000183,23.931597222222223,68.29127175895078,0.0,28800,8.0,13.0,18.0,21.0,31.0,44.522000000000844,9.798148148148147,11.057982737260284,0.0,3240,,,,,,0,,,,,,0,,,,,,0,,,,,,0,,,,,,0,,,,,,0,,,,,,0,23.695932029858657,21.2694133080931,48.765010298940666,10.468996179080852,114.999296,126.73024,110.77632
17,v17-ra-ms,queue,20.0,false,false,false,false,true,false,19.0,29.0,42.0,56.0,118.0,310.6030000000137,25.474340277777777,67.86370705499787,0.0,28800,10.0,15.0,23.0,33.0,72.61000000000013,155.98100000000886,12.993827160493828,11.199601791936287,0.0,3240,0.73,0.811,0.991,1.191090000000002,0.7008722,5000,,,,,,0,,,,,,0,,,,,,0,,,,,,0,2.2155,3.255,6.127050000000004,10.438030000000001,2.8097461999999997,5000,,,,,,0,24.81183024606242,22.474032487173158,53.67050272098203,11.273854738877446,113.21330787096774,131.756032,127.930368
17,v17-ra-ms,topic,20.0,false,false,false,false,true,false,18.0,27.0,38.0,45.0,67.0,143.20100000000457,22.042743055555555,68.20442381471132,0.0,28800,8.0,13.0,18.0,21.0,33.61000000000013,101.56600000000253,10.090123456790124,11.020295711268252,0.0,3240,0.7355,0.816,0.9910500000000002,1.2421000000000022,0.7054516,5000,,,,,,0,,,,,,0,,,,,,0,,,,,,0,,,,,,0,,,,,,0,22.650299770413916,20.649024927913672,49.19156334014158,10.323957814288805,69.894144,62.32064,47.681536
17,v17-ra-ms,websocket,20.0,false,false,false,false,true,false,18.0,27.0,39.0,47.0,73.0,142.40200000000914,22.597951388888887,68.14648655171679,0.0,28800,9.0,13.0,18.0,23.0,32.61000000000013,53.56600000000253,10.069753086419754,11.021307861866275,0.0,3240,0.771,0.867,1.093,1.2230200000000004,0.764244,5000,,,,,,0,,,,,,0,,,,,,0,,,,,,0,,,,,,0,,,,,,0,23.879381276730218,21.34794127919606,50.675405706906034,10.480762833900323,66.691072,88.71936,175.255168
18,v18-all-broker-mtls,grpc,20.0,true,true,true,true,true,true,3.0,4.0,5.0,6.0,10.0,16.0,3.6152083333333334,34.05390449298702,50.0,28800,3.0,4.0,6.0,7.0,10.0,20.356000000001586,3.6808510638297873,7.273926237946882,33.2716049382716,3240,0.701,0.811,0.984,1.1690300000000007,0.6795566,5000,1.792,2.346,3.948399999999998,6.529240000000004,2.0699272221408695,6829,4.824,6.493,22.639499999999995,24.2991,6.568473684210526,19,,,,,,0,3.516,8.339500000000001,12.1983,12.97006,6.215666666666667,3,1.686,2.289,4.029149999999998,6.3780800000000015,2.0067228,10000,3.4770000000000003,4.15775,5.3165499999999986,6.028910000000001,3.4164999999999996,12,24.66993438109094,0.2097893622179677,15.549554429095647,12.210988389466529,56.487936,79.54368,107.63136
18,v18-all-broker-mtls,http,20.0,true,true,true,true,true,true,3.0,5.0,7.0,8.0,12.0,22.0,3.846111111111111,34.09389553535703,50.0,28800,3.0,4.0,6.0,8.0,11.0,18.6820000000007,3.7087962962962964,7.400783249560579,33.33333333333333,3240,0.7024999999999999,0.813,0.9840500000000002,1.203050000000001,0.677256,5000,,,,,,0,,,,,,0,,,,,,0,4.246,9.443000000000001,13.6006,14.432120000000001,7.535333333333334,3,,,,,,0,,,,,,0,43.86830325108859,0.5083191583206931,27.444306407302328,20.74196953113003,152.310784,81.613952,177.188864
18,v18-all-broker-mtls,queue,20.0,true,true,true,true,true,true,3.0,4.0,5.0,7.0,10.0,15.0,3.5634027777777777,33.98839673900216,50.0,28800,3.0,4.0,5.0,7.0,10.0,14.0,3.5215178158260065,7.463073156075272,33.30246913580247,3240,0.696,0.80825,0.989,1.1780300000000006,0.6754078,5000,1.746,2.33,3.7656499999999995,5.85973,2.0039907732864672,6828,6.0415,8.6495,13.934999999999986,20.422199999999982,7.395777777777779,18,,,,,,0,3.859,10.186499999999999,15.248499999999998,16.2609,7.942333333333333,3,1.658,2.219,3.9040499999999994,5.793060000000001,1.9422464999999995,10000,1.854,2.71075,4.196949999999999,5.391389999999999,2.3015,14,25.697897019836446,0.22599218572871554,15.382807354180615,11.66187625294268,118.5063969032258,104.27583587096774,107.48802477419356
18,v18-all-broker-mtls,topic,20.0,true,true,true,true,true,true,3.0,4.0,6.0,7.0,10.0,16.0,3.600486111111111,34.06784232266978,50.0,28800,3.0,4.0,5.0,6.0,9.0,12.680000000000291,3.4627487274409994,7.374898044850028,33.30246913580247,3240,0.69,0.805,0.9820500000000002,1.1790100000000003,0.662697,5000,1.753,2.331,3.967,6.057600000000008,2.0279693593314763,6821,7.1530000000000005,9.5845,12.751049999999989,18.522209999999987,7.690944444444445,18,,,,,,0,4.324,9.975999999999999,14.497599999999998,15.40192,7.652333333333334,3,1.674,2.2512499999999998,4.041299999999996,6.365,1.9863811999999998,10000,2.6654999999999998,3.0655,4.812649999999998,6.1841300000000015,2.621583333333333,12,25.29480478558664,0.05215852363922946,15.34933682844816,12.382724181315458,119.50304619354839,80.55418219354839,107.04169290322581
18,v18-all-broker-mtls,websocket,20.0,true,true,true,true,true,true,3.0,4.0,5.0,7.0,10.0,14.0,3.5699305555555556,34.063893455711025,50.0,28800,3.0,4.0,5.0,7.0,10.0,12.840000000000146,3.5155020823692733,7.499305941143809,33.30246913580247,3240,0.692,0.802,0.9810500000000002,1.1670100000000003,0.6655154000000001,5000,1.769,2.3185000000000002,3.9345999999999988,6.1452199999999975,2.0290683247988297,6835,5.0305,7.15975,15.167749999999991,19.849549999999986,6.530611111111111,18,,,,,,0,3.027,9.33,14.372399999999999,15.38088,7.218333333333334,3,1.673,2.267,4.113,6.375300000000006,1.9964396,10000,2.2965,2.886,3.8915499999999996,4.823909999999999,2.3585,14,26.21986282716019,0.028132296357091413,15.681434621248409,12.679547351466706,118.91375070967742,85.17235612903225,109.98063896774194
1,v1-baseline,grpc,5.0,false,false,false,false,false,false,29.0,44.0,58.0,64.0,77.0,92.0,34.199444444444445,17.093083711003434,0.0,7200,11.0,20.0,23.0,25.549999999999955,34.90999999999997,42.0,14.393827160493828,2.8371576583992124,0.0,810,1.289,1.413,1.6501000000000003,2.2310200000000004,1.2808747999999999,5000,,,,,,0,,,,,,0,,,,,,0,,,,,,0,,,,,,0,,,,,,0,13.741619712464788,10.223096770598747,25.664107604156975,,116.723712,115.4304,113.158528
1,v1-baseline,grpc,15.0,false,false,false,false,false,false,16.0,24.0,34.0,38.0,50.0,67.0,19.392222222222223,50.92622063785092,0.0,21600,6.0,11.0,14.0,17.0,21.0,26.0,8.092707045735477,8.538589004323827,0.0,2427,0.773,0.832,1.002,1.195,0.7446366,5000,,,,,,0,,,,,,0,,,,,,0,,,,,,0,,,,,,0,,,,,,0,21.63031282802619,16.67519534363992,39.204370493331226,,114.05298787096774,129.650688,139.15301161290324
1,v1-baseline,grpc,20.0,false,false,false,false,false,false,15.0,23.0,33.0,38.0,54.0,3167.2010000000046,26.7784375,67.70751294788637,0.0,28800,6.0,10.0,14.0,16.0,22.0,36.04400000000169,7.566358024691358,11.148924163228509,0.0,3240,0.731,0.812,0.975,1.2160200000000003,0.7034153999999999,5000,,,,,,0,,,,,,0,,,,,,0,,,,,,0,,,,,,0,,,,,,0,23.880114768293527,19.447240889269803,43.80294990691072,,85.44256,128.004096,124.567552
1,v1-baseline,http,5.0,false,false,false,false,false,false,29.0,44.0,57.0,63.0,78.0,98.80100000000039,34.025,17.165826653760508,0.0,7200,11.0,20.0,24.0,27.0,33.0,41.573000000000434,14.334567901234568,2.8620290018938856,0.0,810,1.291,1.413,1.64605,2.148100000000002,1.2751921999999998,5000,,,,,,0,,,,,,0,,,,,,0,,,,,,0,,,,,,0,,,,,,0,13.387568326641823,10.275956267140504,25.95415158096493,,113.368448,114.895872,110.86016
1,v1-baseline,http,15.0,false,false,false,false,false,false,15.0,22.0,30.0,35.0,43.0,57.40100000000166,17.502453703703704,51.151379666379334,0.0,21600,6.0,10.0,13.0,15.0,19.0,25.0,7.092707045735476,8.472150467067875,0.0,2427,0.744,0.828,1.004,1.1830600000000013,0.7174856,5000,,,,,,0,,,,,,0,,,,,,0,,,,,,0,,,,,,0,,,,,,0,18.959118710136913,15.23768667631838,35.37154967309585,,111.87048051612904,118.88428593548387,131.190784
1,v1-baseline,http,20.0,false,false,false,false,false,false,15.0,23.0,32.0,37.0,48.0,70.0,18.01625,67.95481948321304,0.0,28800,6.0,10.0,13.0,16.0,21.0,27.0,7.330555555555556,10.983088078264672,0.0,3240,0.729,0.805,0.9760500000000002,1.221,0.7023560000000001,5000,,,,,,0,,,,,,0,,,,,,0,,,,,,0,,,,,,0,,,,,,0,21.31358462169598,17.024300613738006,39.859226414807814,,108.74768290909091,120.12885333333332,150.78952339393942
1,v1-baseline,http,35.0,false,false,false,false,false,false,5510.5,15150.25,19781.1,20940.0,21392.010000000002,21671.601000000002,7782.9920833333335,108.22348148927536,0.0,50400,16009.0,19252.0,20834.0,21043.4,21345.02,21483.0,15295.347273689784,18.396841989079412,0.0,5667,,,,,,0,,,,,,0,,,,,,0,,,,,,0,,,,,,0,,,,,,0,,,,,,0,71.8911463097889,53.338337155489015,103.86028358148329,,360.65453769696967,138.16019006060606,271.0679427878788
1,v1-baseline,queue,5.0,false,false,false,false,false,false,29.0,45.0,58.0,66.0,80.0,99.0,34.72069444444445,17.086755628543425,0.0,7200,11.0,20.0,25.0,28.0,35.90999999999997,43.38200000000029,14.617283950617283,2.8885037550548813,0.0,810,1.294,1.438,1.7470500000000002,2.235060000000001,1.2948786,5000,,,,,,0,,,,,,0,,,,,,0,,,,,,0,,,,,,0,,,,,,0,13.801871221962491,10.269567317391633,26.068287557633397,,110.27779716129032,116.43804903225806,109.72972593548387
1,v1-baseline,queue,15.0,false,false,false,false,false,false,16.0,25.0,34.0,39.0,51.0,71.0,19.491527777777776,51.09136839715024,0.0,21600,6.0,11.0,14.0,16.0,22.0,32.57400000000007,8.11495673671199,8.444030032495773,0.0,2427,0.777,0.8372499999999999,1.007,1.2470800000000017,0.7528338,5000,,,,,,0,,,,,,0,,,,,,0,,,,,,0,,,,,,0,,,,,,0,21.12046290110383,16.25359239599662,37.64342380580019,,88.551424,136.6705713548387,101.822464
1,v1-baseline,queue,20.0,false,false,false,false,false,false,15.0,23.0,32.0,37.0,51.0,77.0,18.11486111111111,68.14826032635445,0.0,28800,6.0,10.0,13.0,16.0,23.0,37.0,7.524074074074074,11.18282538915542,0.0,3240,0.733,0.817,0.994,1.233040000000001,0.7041725999999999,5000,,,,,,0,,,,,,0,,,,,,0,,,,,,0,,,,,,0,,,,,,0,21.83589056370571,17.989552856711654,40.881836542857506,,110.3363103030303,123.711488,143.21949478787877
1,v1-baseline,topic,5.0,false,false,false,false,false,false,29.0,45.0,57.0,64.0,77.0,99.0,34.280277777777776,17.152209180719964,0.0,7200,11.0,20.0,24.0,26.0,34.819999999999936,50.14600000000087,14.387654320987654,2.8596040331007995,0.0,810,1.308,1.444,1.68205,2.1101100000000024,1.2989713999999999,5000,,,,,,0,,,,,,0,,,,,,0,,,,,,0,,,,,,0,,,,,,0,13.830033624240972,9.78661606401649,25.592436280280822,,112.55504103225806,101.085184,86.07744
1,v1-baseline,topic,20.0,false,false,false,false,false,false,15.0,22.0,31.0,37.0,48.0,68.20100000000457,17.84107638888889,68.08719889736564,0.0,28800,6.0,10.0,13.0,15.0,20.0,29.761000000000422,7.275925925925926,11.164252339668932,0.0,3240,0.725,0.805,0.9690500000000002,1.197040000000001,0.6940098,5000,,,,,,0,,,,,,0,,,,,,0,,,,,,0,,,,,,0,,,,,,0,22.782230820640372,17.849217418123107,41.17697498189762,,84.000768,121.119104,119.33696
1,v1-baseline,websocket,5.0,false,false,false,false,false,false,29.0,44.0,57.0,65.0,78.0,97.60200000000077,34.30861111111111,17.101406590692086,0.0,7200,11.0,20.0,23.0,26.0,35.0,39.38200000000029,14.251851851851852,2.872340425531915,0.0,810,1.293,1.422,1.6330500000000001,2.1390400000000005,1.280528,5000,,,,,,0,,,,,,0,,,,,,0,,,,,,0,,,,,,0,,,,,,0,14.21158889082147,10.553405062649242,27.15461399237863,,111.68113961290322,100.327424,90.083328
1,v1-baseline,websocket,20.0,false,false,false,false,false,false,15.0,22.0,32.0,37.0,48.0099999999984,73.20100000000457,17.916597222222222,68.04215778692883,0.0,28800,6.0,10.0,13.0,15.0,22.0,39.522000000000844,7.325308641975309,11.167330732218439,0.0,3240,0.7195,0.807,0.9670500000000002,1.1290600000000013,0.6894908,5000,,,,,,0,,,,,,0,,,,,,0,,,,,,0,,,,,,0,,,,,,0,24.059741023895054,19.004813130911373,44.24623152651429,,84.422656,128.126976,106.323968
2,v2-ac4a,grpc,5.0,true,false,false,false,false,false,29.0,44.0,58.0,64.0,79.01000000000022,95.80100000000039,34.27569444444445,17.08278269039592,0.0,7200,11.0,21.0,25.0,28.0,35.90999999999997,42.33700000000101,14.667901234567902,2.8629596640793995,0.0,810,1.308,1.439,1.691,2.2242800000000065,1.2996784,5000,,,,,,0,,,,,,0,0.3385,0.402,0.489,0.6650999999999995,0.3561545219638243,3870,,,,,,0,,,,,,0,,,,,,0,13.150543237401015,9.890818627581007,26.419182138444985,,113.08540696774193,143.060992,88.875008
2,v2-ac4a,grpc,15.0,true,false,false,false,false,false,16.0,25.0,34.0,39.0,51.0,72.0,19.625185185185185,50.95565442630066,0.0,21600,6.0,11.0,14.0,17.0,22.0,28.0,8.266584260403791,8.573366397490515,0.0,2427,0.775,0.83,1.00305,1.1880700000000015,0.7486192,5000,,,,,,0,,,,,,0,0.17,0.195,0.231,0.285,0.168778,5000,,,,,,0,,,,,,0,,,,,,0,21.60619728061289,16.84651573611735,39.54167960399014,,84.348928,117.05046709677418,105.562112
2,v2-ac4a,http,5.0,true,false,false,false,false,false,29.0,44.0,57.0,63.0,78.0,94.0,34.29472222222222,17.121007476173265,0.0,7200,11.0,20.0,24.0,27.0,36.0,43.14600000000087,14.525925925925925,2.896094562850615,0.0,810,1.303,1.438,1.662,2.28401,1.298622,5000,,,,,,0,,,,,,0,0.337,0.401,0.481,0.6181699999999997,0.3537935400516796,3870,,,,,,0,,,,,,0,,,,,,0,13.69807863294199,10.131981562941942,26.629646319242518,,118.022144,137.156608,112.80343040000001
2,v2-ac4a,http,15.0,true,false,false,false,false,false,16.0,25.0,34.0,39.0,51.0,69.0,19.525555555555556,51.1856831748394,0.0,21600,7.0,11.0,14.0,17.0,23.0,29.57400000000007,8.221672847136382,8.590633484002733,0.0,2427,0.77,0.827,1.004,1.1840600000000012,0.7433834,5000,,,,,,0,,,,,,0,0.168,0.194,0.227,0.266,0.16568139999999998,5000,,,,,,0,,,,,,0,,,,,,0,20.959494656713204,16.561408708770873,39.22243292096424,,113.83338941935484,141.35296,108.720128
2,v2-ac4a,queue,5.0,true,false,false,false,false,false,29.0,44.0,58.0,65.0,81.0,110.40300000000116,34.45430555555556,17.110469468506043,0.0,7200,11.0,20.0,24.0,27.0,37.90999999999997,42.910000000001446,14.353086419753087,2.913145117784571,0.0,810,1.309,1.45,1.754,2.219230000000005,1.3117511999999998,5000,,,,,,0,,,,,,0,0.33,0.4,0.5015499999999997,0.6222399999999998,0.3507299741602067,3870,,,,,,0,,,,,,0,,,,,,0,13.813955281630927,10.220247032029295,25.810227198818044,,108.46895070967742,117.01677419354839,110.17249032258066
2,v2-ac4a,queue,15.0,true,false,false,false,false,false,16.0,24.0,34.0,39.0,52.0,71.0,19.582083333333333,51.14871488853843,0.0,21600,6.0,11.0,14.0,17.0,21.0,27.0,8.063452822414504,8.441621681785296,0.0,2427,0.774,0.834,1.001,1.1580100000000002,0.7463438,5000,,,,,,0,,,,,,0,0.167,0.191,0.225,0.267,0.1640906,5000,,,,,,0,,,,,,0,,,,,,0,20.346835093762902,16.01023222864089,38.07203367986747,,84.33664,137.19393445161288,136.13624154838712
2,v2-ac4a,topic,5.0,true,false,false,false,false,false,29.0,44.0,58.0,64.0,80.0,96.60200000000077,34.47027777777778,17.13539100820357,0.0,7200,12.0,20.0,24.0,26.0,33.90999999999997,44.33700000000101,14.449382716049383,2.8384103500355677,0.0,810,1.297,1.429,1.66005,2.359,1.2901472,5000,,,,,,0,,,,,,0,0.332,0.394,0.472,0.6133099999999999,0.34856175710594317,3870,,,,,,0,,,,,,0,,,,,,0,13.207205129184619,9.77464424279033,25.638864857664075,,109.315712,125.19424,85.065728
2,v2-ac4a,websocket,5.0,true,false,false,false,false,false,29.0,44.0,58.0,64.0,79.01000000000022,93.60200000000077,34.39375,17.072129748186086,0.0,7200,11.0,21.0,24.0,27.0,34.90999999999997,46.7190000000013,14.495061728395061,2.905652390706217,0.0,810,1.2934999999999999,1.432,1.6761000000000004,2.30201,1.2867578,5000,,,,,,0,,,,,,0,0.337,0.4,0.479,0.6860299999999994,0.3552485788113695,3870,,,,,,0,,,,,,0,,,,,,0,13.753320262925516,10.475620062872162,26.25866471035359,,87.445504,123.613184,88.588288
3,v3-sr,grpc,5.0,false,true,false,false,false,false,29.0,44.0,58.0,64.0,78.0,92.0,34.233472222222225,17.16058975226782,0.0,7200,11.0,20.0,23.0,26.549999999999955,33.0,40.0,14.349382716049382,2.892185742595469,0.0,810,1.303,1.432,1.647,2.17601,1.2897462,5000,,,,,,0,,,,,,0,,,,,,0,5.804,13.639,19.907,21.1606,10.366333333333333,3,,,,,,0,,,,,,0,13.87272855618215,10.277103238212309,26.58356608262029,,111.93377032258066,103.153664,85.229568
3,v3-sr,grpc,15.0,false,true,false,false,false,false,16.0,25.0,34.0,39.0,50.0099999999984,65.40100000000166,19.392175925925926,50.90617708750678,0.0,21600,6.0,11.0,14.0,17.0,21.0,27.14800000000014,8.056860321384425,8.44379501095919,0.0,2427,0.7735000000000001,0.831,1.014,1.2782100000000045,0.7513816000000001,5000,,,,,,0,,,,,,0,,,,,,0,4.424,9.1455,12.922699999999999,13.67814,7.273333333333333,3,,,,,,0,,,,,,0,20.707000636873303,16.642822462708704,37.91629100701146,,115.92591690322581,120.31775380645162,112.427008
3,v3-sr,http,5.0,false,true,false,false,false,false,29.0,44.0,57.0,64.0,78.0,94.80100000000039,34.16569444444445,17.119460546776548,0.0,7200,11.0,20.0,24.0,28.0,36.0,51.191000000000145,14.367901234567901,2.8617256559004542,0.0,810,1.296,1.433,1.654,2.0982000000000043,1.2808060000000001,5000,,,,,,0,,,,,,0,,,,,,0,6.422,13.5915,19.327099999999998,20.47422,10.874,3,,,,,,0,,,,,,0,13.453346479650566,10.095805830188988,25.57182393133936,,84.750336,99.835904,113.351552
3,v3-sr,http,15.0,false,true,false,false,false,false,16.0,24.0,34.0,39.0,50.0,67.0,19.434768518518517,51.120872462890034,0.0,21600,6.0,11.0,14.0,16.0,22.0,42.16600000000062,8.112072517511331,8.343503446379154,0.0,2427,0.777,0.837,1.01505,1.2690400000000008,0.7541551999999999,5000,,,,,,0,,,,,,0,,,,,,0,3.603,9.254,13.774799999999999,14.67896,6.945333333333333,3,,,,,,0,,,,,,0,20.6083069600421,16.3839210570518,37.05854759003125,,116.311936,141.410304,105.22624
3,v3-sr,queue,5.0,false,true,false,false,false,false,29.0,45.0,58.0,65.0,78.0,107.40300000000116,34.54958333333333,17.121984628262688,0.0,7200,12.0,20.0,24.0,28.0,37.90999999999997,50.674000000002025,14.927160493827161,2.930789938344864,0.0,810,1.324,1.471,1.77,2.4231200000000026,1.3214738,5000,,,,,,0,,,,,,0,,,,,,0,6.337,15.144,22.1896,23.59872,11.865333333333334,3,,,,,,0,,,,,,0,14.385023019303357,10.255258627416987,25.73530765464747,,106.91683096774193,120.2446864516129,88.522752
3,v3-sr,queue,15.0,false,true,false,false,false,false,16.0,25.0,34.0,39.0,52.0,79.0,19.69097222222222,50.928261884440005,0.0,21600,7.0,11.0,14.0,17.0,23.0,31.57400000000007,8.27111660486197,8.581338858579395,0.0,2427,0.777,0.839,1.0140500000000001,1.2600700000000016,0.7541416,5000,,,,,,0,,,,,,0,,,,,,0,5.385,10.161,13.981799999999998,14.745959999999998,7.794333333333332,3,,,,,,0,,,,,,0,21.111682844960413,16.40914356482761,36.76437369552106,,119.595008,122.25754012903225,105.373696
3,v3-sr,topic,5.0,false,true,false,false,false,false,29.0,44.0,58.0,64.0,80.0,99.0,34.47277777777778,17.089432322287706,0.0,7200,11.0,20.0,24.0,28.0,36.819999999999936,52.33700000000101,14.59753086419753,2.8537706766255044,0.0,810,1.321,1.445,1.668,2.2363300000000073,1.3206128000000001,5000,,,,,,0,,,,,,0,,,,,,0,12.9395,16.73875,19.77815,20.38603,12.9395,2,,,,,,0,,,,,,0,13.60122947128183,9.9935995397799,26.57231242961921,,81.12128,126.60736,108.67771458064516
3,v3-sr,websocket,5.0,false,true,false,false,false,false,29.0,44.0,57.0,64.0,78.0,95.0,34.19263888888889,17.154375080411132,0.0,7200,11.0,20.0,24.0,27.0,33.0,41.0,14.379012345679012,2.8659580791712074,0.0,810,1.296,1.425,1.657,2.1791700000000036,1.2860858,5000,,,,,,0,,,,,,0,,,,,,0,5.071,12.841000000000001,19.057,20.3002,10.217,3,,,,,,0,,,,,,0,13.953091282633045,10.731465265553293,26.393484585475946,,112.02639277419355,118.3145455483871,91.930624
4,v4-mtls,grpc,5.0,false,false,true,false,false,false,29.0,44.0,57.0,63.0,77.0,96.0,34.03875,17.12552773978712,0.0,7200,11.0,19.0,23.0,25.0,32.90999999999997,40.33700000000101,13.948148148148148,2.9271465741543796,0.0,810,1.3635000000000002,1.49,1.749,2.3150700000000013,1.3581236,5000,,,,,,0,9.6675,13.572,31.35775,53.27154999999999,13.4740625,16,,,,,,0,,,,,,0,,,,,,0,,,,,,0,13.666857896663167,10.844853944401683,26.69455431493045,,86.790144,123.080704,86.409216
4,v4-mtls,grpc,15.0,false,false,true,false,false,false,16.0,24.0,33.0,38.0,49.0,68.40100000000166,19.291435185185186,51.054415497851465,0.0,21600,6.0,11.0,14.0,15.0,21.0,32.14800000000014,7.896992171405027,8.51202626207361,0.0,2427,0.801,0.864,1.039,1.2180200000000003,0.7808816,5000,,,,,,0,6.742,9.9455,19.03269999999999,23.384099999999986,8.427857142857142,42,,,,,,0,,,,,,0,,,,,,0,,,,,,0,21.277794492451523,16.80178022476939,39.98598830786538,,118.09851458064516,125.820928,133.5227292903226
4,v4-mtls,http,5.0,false,false,true,false,false,false,29.0,44.0,57.0,63.0,75.0,92.0,33.853611111111114,17.083674413638466,0.0,7200,11.0,20.0,23.0,25.0,32.90999999999997,43.191000000000145,13.91851851851852,2.8561555441152615,0.0,810,1.352,1.483,1.75005,2.3400300000000005,1.3456754000000002,5000,,,,,,0,9.6345,10.5225,22.31475,42.84854999999999,11.5493125,16,,,,,,0,,,,,,0,,,,,,0,,,,,,0,13.096535227992653,9.787618148616783,25.940459434661406,,87.969792,117.49230658064516,112.33068593548387
4,v4-mtls,http,15.0,false,false,true,false,false,false,16.0,24.0,33.0,38.0,48.0,63.40100000000166,19.261203703703703,50.953731181324514,0.0,21600,6.0,11.0,14.0,16.0,21.0,25.57400000000007,7.88669138854553,8.506626195641887,0.0,2427,0.822,0.879,1.064,1.2670400000000008,0.8056308,5000,,,,,,0,5.587,9.669,16.567300000000007,26.230239999999977,7.976076923076923,39,,,,,,0,,,,,,0,,,,,,0,,,,,,0,21.24014742871868,17.16173384784448,39.99364339819742,,82.161664,121.58949574193548,138.0559442580645
4,v4-mtls,queue,5.0,false,false,true,false,false,false,29.0,44.0,57.0,63.0,79.0,102.80100000000039,34.15416666666667,17.166604278776116,0.0,7200,11.0,20.0,23.0,26.0,31.909999999999968,42.24700000000246,14.206172839506173,2.8505970417137365,0.0,810,1.332,1.472,1.788,2.3290200000000008,1.3324608,5000,,,,,,0,10.653500000000001,13.437750000000001,23.206849999999974,35.35096999999997,12.276611111111114,18,,,,,,0,,,,,,0,,,,,,0,,,,,,0,12.831763523702858,10.632488098524092,26.044159587613944,,119.99232,116.87248929032259,111.55535277419355
4,v4-mtls,queue,15.0,false,false,true,false,false,false,16.0,24.0,33.0,38.0,51.0,71.40100000000166,19.390138888888888,51.11954162811007,0.0,21600,6.0,11.0,14.0,16.0,22.0,31.722000000000207,7.826122785331685,8.624610879731632,0.0,2427,0.804,0.864,1.052,1.2892000000000043,0.7842374,5000,,,,,,0,6.871,10.3285,21.3875,27.420199999999987,8.965046511627905,43,,,,,,0,,,,,,0,,,,,,0,,,,,,0,20.466869961148113,16.60480875606309,38.526856704711356,,86.962176,126.599168,93.794304
4,v4-mtls,topic,5.0,false,false,true,false,false,false,29.0,44.0,56.0,62.0,75.0,96.60200000000077,33.67541666666666,17.171230557158733,0.0,7200,11.0,20.0,24.0,27.0,33.90999999999997,43.76400000000058,14.290123456790123,2.8651065395172473,0.0,810,1.345,1.482,1.738,2.4921100000000025,1.3412328,5000,,,,,,0,9.527,11.584,24.905599999999975,49.077119999999994,12.586470588235292,17,,,,,,0,,,,,,0,,,,,,0,,,,,,0,13.321947985695054,9.9618179755372,26.213035104543287,,113.11302193548387,114.90799483870968,89.694208
4,v4-mtls,websocket,5.0,false,false,true,false,false,false,29.0,43.0,57.0,62.0,74.0,94.0,33.69763888888889,17.07613823133898,0.0,7200,11.0,19.75,23.0,25.0,31.0,36.76400000000058,13.837037037037037,2.9292531127834773,0.0,810,1.3415,1.474,1.71805,2.1570500000000012,1.330323,5000,,,,,,0,10.0,13.372,25.659999999999982,41.791199999999996,12.539882352941177,17,,,,,,0,,,,,,0,,,,,,0,,,,,,0,13.143254613564498,10.494912938911051,27.150324550398633,,115.70407225806453,123.478016,97.173504
5,v5-ra,grpc,5.0,false,false,false,true,false,false,34.0,49.0,63.0,69.0,84.0,104.0,38.789722222222224,17.169265107760985,0.0,7200,16.0,24.0,29.0,33.0,40.819999999999936,63.14600000000087,18.85679012345679,2.920065899758824,0.0,810,1.2915,1.421,1.64605,2.1780700000000013,1.2786511999999999,5000,4.136,4.804,6.993350000000001,11.19203,4.4405086,5000,,,,,,0,,,,,,0,,,,,,0,,,,,,0,,,,,,0,20.700427830351796,10.640669915098236,26.922138933017433,7.727326788047837,112.52293367741935,122.372096,115.65643093333334
5,v5-ra,grpc,15.0,false,false,false,true,false,false,18.0,27.0,36.0,41.0,55.0,81.0,21.858472222222222,51.079165612370616,0.0,21600,9.0,13.0,17.0,20.0,26.73999999999978,41.14800000000014,10.470539761021838,8.370264351364867,0.0,2427,0.762,0.818,0.9920500000000002,1.175040000000001,0.7321030000000001,5000,2.1105,2.678,4.303550000000002,7.253250000000006,2.3730196000000006,5000,,,,,,0,,,,,,0,,,,,,0,,,,,,0,,,,,,0,29.29329022189929,16.568335499185324,39.16535132815841,10.17624548022614,116.3034095483871,143.941632,92.143616
5,v5-ra,http,5.0,false,false,false,true,false,false,33.0,48.0,62.0,68.0,84.0,106.80100000000039,38.40763888888889,17.131028575507386,0.0,7200,15.0,23.0,29.0,33.0,40.90999999999997,46.674000000002025,18.432098765432098,2.904068923235778,0.0,810,1.271,1.403,1.6271000000000004,2.154090000000002,1.2588072,5000,3.985,4.6,6.857100000000008,11.433370000000007,4.3088348,5000,,,,,,0,,,,,,0,,,,,,0,,,,,,0,,,,,,0,19.263842205857138,10.784038744171452,27.172731706160665,7.90196969674705,118.931456,116.33525264516129,86.85568
5,v5-ra,http,15.0,false,false,false,true,false,false,18.0,27.0,36.0,42.0,54.0,80.0,21.923194444444444,51.17343530114145,0.0,21600,9.0,13.0,17.0,19.0,27.0,45.88800000000083,10.627111660486197,8.548875120202045,0.0,2427,0.763,0.819,0.986,1.1591300000000029,0.7329648,5000,,,,,,0,,,,,,0,,,,,,0,,,,,,0,,,,,,0,,,,,,0,29.21538355086797,16.983030678440095,39.09846211426397,9.819003085290458,117.92329386666665,136.48730838709676,134.74664051612905
5,v5-ra,queue,5.0,false,false,false,true,false,false,34.0,49.0,63.0,70.0,85.0,108.80100000000039,38.89888888888889,17.029731072163486,0.0,7200,16.0,24.0,29.0,32.0,39.0,59.33700000000101,18.77037037037037,2.8390868655429493,0.0,810,1.313,1.4532500000000002,1.736,2.3860700000000015,1.3112744,5000,3.9455,4.63,7.076600000000002,11.3251,4.3033414,5000,,,,,,0,,,,,,0,,,,,,0,,,,,,0,,,,,,0,18.582647439250067,9.522379310464219,25.062310663042997,7.236844224694289,115.113984,120.631296,87.515136
5,v5-ra,queue,15.0,false,false,false,true,false,false,18.0,27.0,36.0,42.0,57.0,86.40100000000166,21.994305555555556,51.1353951629704,0.0,21600,9.0,13.0,17.0,20.0,26.0,34.57400000000007,10.57437165224557,8.535105765680223,0.0,2427,0.763,0.819,0.99,1.195040000000001,0.7313212,5000,,,,,,0,,,,,,0,,,,,,0,,,,,,0,,,,,,0,,,,,,0,28.496838991540677,16.18909825471509,37.70612466570988,9.615007199437901,85.536768,126.451712,109.318144
5,v5-ra,topic,5.0,false,false,false,true,false,false,33.0,49.0,62.0,68.0,84.0,108.80100000000039,38.556805555555556,17.150983442154736,0.0,7200,15.0,24.0,29.0,31.0,38.0,44.573000000000434,18.582716049382714,2.8876181784476738,0.0,810,1.302,1.43825,1.66405,2.209160000000004,1.2901614000000001,5000,3.9305000000000003,4.524,6.738200000000001,11.01946000000001,4.2346078,5000,,,,,,0,,,,,,0,,,,,,0,,,,,,0,,,,,,0,18.30503726258211,9.878640767193875,25.42493289639842,7.041788299660543,83.935232,100.159488,111.02815793548388
5,v5-ra,websocket,5.0,false,false,false,true,false,false,34.0,49.0,62.0,69.0,82.0,101.0,38.844722222222224,17.103844088958994,0.0,7200,16.0,24.0,28.0,32.0,37.90999999999997,49.14600000000087,18.67654320987654,2.8756443573467387,0.0,810,1.302,1.434,1.661,2.094070000000001,1.2894318,5000,4.0055,4.65125,6.869900000000003,11.039310000000006,4.3285948,5000,,,,,,0,,,,,,0,,,,,,0,,,,,,0,,,,,,0,19.563513986362704,10.364637821721535,26.426708888020585,7.117302529432545,116.764672,116.19176051612904,87.3472
6,v6-ac4a-sr,grpc,5.0,true,true,false,false,false,false,30.0,45.0,58.0,64.0,78.0,107.80100000000039,34.697361111111114,17.146776406035666,0.0,7200,12.0,20.0,24.0,27.0,34.0,47.76400000000058,14.624691358024691,2.842823450134771,0.0,810,1.297,1.42325,1.649,2.1020400000000006,1.2863536,5000,,,,,,0,,,,,,0,0.336,0.398,0.4755499999999997,0.6363099999999999,0.3529627906976744,3870,14.2715,19.17775,23.10275,23.88775,14.2715,2,,,,,,0,,,,,,0,13.553128927602303,10.152552342568129,26.54399579825294,,112.351104,123.621376,112.184064
6,v6-ac4a-sr,http,5.0,true,true,false,false,false,false,29.0,45.0,58.0,65.0,79.0,98.0,34.58125,17.18947335751001,0.0,7200,11.0,20.0,24.0,27.0,35.90999999999997,45.76400000000058,14.412345679012345,2.912904165452957,0.0,810,1.286,1.413,1.6450500000000001,2.108040000000001,1.2794578,5000,,,,,,0,,,,,,0,0.34,0.403,0.493,0.6612399999999998,0.35895400516795867,3870,13.068999999999999,17.256999999999998,20.6074,21.27748,13.068999999999999,2,,,,,,0,,,,,,0,13.379762821195404,10.360645755088422,27.204192407347115,,113.139712,123.625472,115.77423277419355
6,v6-ac4a-sr,queue,5.0,true,true,false,false,false,false,30.0,45.0,59.0,66.0,84.01000000000022,104.60200000000077,35.069583333333334,17.080432229826705,0.0,7200,11.0,20.0,24.0,28.0,35.0,48.191000000000145,14.688888888888888,2.858352741901334,0.0,810,1.287,1.43,1.7290500000000002,2.192080000000002,1.2887964,5000,,,,,,0,,,,,,0,0.328,0.393,0.4855499999999997,0.6636199999999999,0.34681731266149873,3870,5.834,14.205,20.901799999999998,22.24116,11.199666666666667,3,,,,,,0,,,,,,0,13.800834384692465,10.0954215284454,26.90034851961677,,111.38160309677419,117.20770064516128,110.7246575483871
6,v6-ac4a-sr,topic,5.0,true,true,false,false,false,false,29.0,44.0,58.0,65.0,80.0,106.80100000000039,34.59625,17.032833151570923,0.0,7200,11.0,20.0,24.0,27.0,34.0,50.76400000000058,14.571604938271605,2.912349079194322,0.0,810,1.3,1.429,1.645,2.1413500000000076,1.2892306,5000,,,,,,0,,,,,,0,0.3375,0.402,0.4885499999999997,0.6527199999999994,0.356743669250646,3870,13.500499999999999,17.48975,20.68115,21.31943,13.500499999999999,2,,,,,,0,,,,,,0,13.734106793561903,10.168473237242429,25.864283059684446,,109.14730116129032,119.78699148387096,111.91130838709678
6,v6-ac4a-sr,websocket,5.0,true,true,false,false,false,false,29.0,45.0,58.0,64.0,79.0,95.0,34.45652777777778,17.13176228728062,0.0,7200,11.0,20.0,24.0,27.0,31.909999999999968,44.52800000000116,14.493827160493828,2.913920626241114,0.0,810,1.289,1.412,1.64405,2.1690300000000007,1.278834,5000,,,,,,0,,,,,,0,0.335,0.399,0.483,0.6306199999999998,0.35169896640826875,3870,6.173,13.671500000000002,19.6703,20.870060000000002,10.819,3,,,,,,0,,,,,,0,13.98918101488173,10.395188419601228,26.96745892342079,,116.166656,124.301312,85.540864
7,v7-ac4a-mtls,grpc,5.0,true,false,true,false,false,false,29.0,44.0,58.0,64.0,79.0,99.0,34.4125,17.16230775831657,0.0,7200,11.0,20.0,24.0,26.0,36.90999999999997,52.775000000003615,14.471604938271605,2.9163336285671084,0.0,810,1.35,1.478,1.723,2.2821200000000026,1.3390856,5000,,,,,,0,12.55,23.034,41.344,41.5904,16.65394117647059,17,0.347,0.405,0.501,0.65531,0.3595937984496124,3870,,,,,,0,,,,,,0,,,,,,0,13.513450737059323,10.39857230516511,28.090391961906494,,119.648256,117.13635096774193,113.27118038709678
7,v7-ac4a-mtls,http,5.0,true,false,true,false,false,false,29.0,45.0,58.0,65.0,78.0,96.0,34.33402777777778,17.050702157387455,0.0,7200,11.0,20.0,24.0,26.0,33.0,45.7190000000013,14.369135802469136,2.8431926596487775,0.0,810,1.337,1.474,1.72005,2.2900200000000006,1.3318543999999999,5000,,,,,,0,8.979,12.52675,28.31649999999997,42.766499999999965,12.6415,18,0.342,0.403,0.494,0.6862399999999999,0.35881757105943146,3870,,,,,,0,,,,,,0,,,,,,0,12.49301040157082,10.264043447672886,26.490441727851657,,86.306816,126.738432,85.757952
7,v7-ac4a-mtls,queue,5.0,true,false,true,false,false,false,29.0,44.0,58.0,65.0,80.0,100.60200000000077,34.65819444444445,17.132699899345386,0.0,7200,11.0,20.0,24.0,28.0,35.90999999999997,41.573000000000434,14.560493827160494,2.875450398480626,0.0,810,1.356,1.494,1.787,2.29001,1.350541,5000,,,,,,0,10.3415,14.935,33.08475,43.248149999999995,13.3381875,16,0.342,0.404,0.5055499999999997,0.6648599999999997,0.3601883720930233,3870,,,,,,0,,,,,,0,,,,,,0,13.853129205745102,9.733760198928488,27.229977319870827,,111.76874116129032,125.329408,111.33205470967741
7,v7-ac4a-mtls,topic,5.0,true,false,true,false,false,false,29.0,44.0,58.0,64.0,77.0,95.80100000000039,34.408611111111114,17.128338836605163,0.0,7200,11.0,20.0,24.0,26.0,32.0,39.910000000001446,14.219753086419754,2.920350153588786,0.0,810,1.3595000000000002,1.484,1.7151500000000006,2.2110800000000017,1.3397574,5000,,,,,,0,11.3165,15.15225,23.586399999999955,43.942879999999946,13.350666666666667,18,0.341,0.398,0.484,0.6463099999999999,0.3525697674418605,3870,,,,,,0,,,,,,0,,,,,,0,13.554908693911191,9.992448044862993,25.921672919531346,,120.160256,115.27187819354837,111.69844851612903
7,v7-ac4a-mtls,websocket,5.0,true,false,true,false,false,false,29.0,44.0,58.0,64.04999999999927,80.0,96.0,34.49652777777778,17.119460546776548,0.0,7200,11.0,20.0,24.0,26.0,36.0,52.76400000000058,14.544444444444444,2.8856841565252087,0.0,810,1.359,1.493,1.744,2.2661900000000044,1.3498484,5000,,,,,,0,9.0185,14.12725,26.152949999999972,40.53698999999997,12.792,18,0.349,0.413,0.508,0.7376199999999998,0.36896175710594314,3870,,,,,,0,,,,,,0,,,,,,0,13.402839246000859,10.66016647427127,27.46897438857594,,115.85668129032258,101.306368,113.76137909677419
8,v8-ac4a-ra,grpc,5.0,true,false,false,true,false,false,33.0,48.0,63.0,70.0,84.0,101.80100000000039,38.79361111111111,17.17082105142661,0.0,7200,16.0,24.0,29.0,32.549999999999955,40.90999999999997,48.33700000000101,18.67037037037037,2.853107245131225,0.0,810,1.303,1.429,1.66405,2.25101,1.2915548000000001,5000,3.7495000000000003,4.351,6.608450000000001,10.887110000000003,4.0743766,5000,,,,,,0,0.333,0.399,0.488,0.684,0.3527100775193799,3870,,,,,,0,,,,,,0,,,,,,0,19.834452928193514,10.193803945591338,26.97004259956265,6.877922618060944,114.12565883870968,125.919232,91.262976
8,v8-ac4a-ra,http,5.0,true,false,false,true,false,false,33.0,49.0,62.0,70.0,85.0,100.0,38.80152777777778,17.072534560026558,0.0,7200,16.0,24.0,30.0,34.0,42.90999999999997,56.191000000000145,18.903703703703705,2.860250289556202,0.0,810,1.294,1.42225,1.666,2.2040500000000014,1.2848702,5000,3.949,4.58575,6.755350000000001,11.709360000000007,4.2770642,5000,,,,,,0,0.331,0.398,0.487,0.6419299999999999,0.35054496124031004,3870,,,,,,0,,,,,,0,,,,,,0,18.991364577473362,10.47033485102386,26.153187758476424,7.072818153034249,112.396288,116.79552,88.80128
8,v8-ac4a-ra,queue,5.0,true,false,false,true,false,false,34.0,49.0,64.0,71.0,87.0,112.6070000000027,39.31916666666667,17.136369802860347,0.0,7200,16.0,25.0,29.0,33.0,41.0,51.76400000000058,19.019753086419755,2.9084171747420124,0.0,810,1.302,1.445,1.735,2.1990800000000017,1.2974902,5000,3.91,4.593,7.1151000000000035,11.668340000000006,4.289209,5000,,,,,,0,0.334,0.403,0.498,0.66,0.35684754521963824,3870,,,,,,0,,,,,,0,,,,,,0,19.12054046866471,10.043403831476441,25.519862400422827,7.294627312644555,118.034432,116.41268025806453,86.56896
8,v8-ac4a-ra,topic,5.0,true,false,false,true,false,false,33.0,49.0,63.0,71.0,86.0,107.80100000000039,39.12972222222222,17.073911063894368,0.0,7200,16.0,24.0,29.0,33.0,39.90999999999997,46.76400000000058,18.753086419753085,2.858433437319142,0.0,810,1.3014999999999999,1.432,1.642,2.020090000000002,1.2820871999999999,5000,3.9335,4.56,6.989300000000001,11.728080000000002,4.2968322,5000,,,,,,0,0.337,0.404,0.491,0.6462399999999998,0.35647209302325583,3870,,,,,,0,,,,,,0,,,,,,0,18.208827751525376,9.459566626134169,25.32415102320971,6.972488677876596,111.884928,123.469824,110.50176
8,v8-ac4a-ra,websocket,5.0,true,false,false,true,false,false,34.0,49.0,63.0,71.0,85.0,103.0,39.07388888888889,17.095112934589825,0.0,7200,16.0,24.0,28.100000000000023,33.549999999999955,44.0,55.76400000000058,18.741975308641976,2.9335921654980583,0.0,810,1.28,1.408,1.637,2.124040000000001,1.2675716000000001,5000,3.8505000000000003,4.465,6.569100000000001,11.299850000000019,4.1715244,5000,,,,,,0,0.332,0.401,0.491,0.656,0.3531302325581395,3870,,,,,,0,,,,,,0,,,,,,0,18.87972343221816,10.397858436656295,27.50914195842925,7.285486470296764,85.241856,124.366848,112.70778219354838
9,v9-sr-mtls,grpc,5.0,false,true,true,false,false,false,29.0,44.0,57.0,63.0,76.0,96.0,34.059305555555554,17.1137230666841,0.0,7200,11.0,20.0,24.0,27.0,33.0,41.52800000000116,14.298765432098765,2.92002379278646,0.0,810,1.369,1.504,1.775,2.3640300000000005,1.3552408,5000,,,,,,0,11.187,19.404,30.26239999999996,43.786880000000004,15.544947368421052,19,,,,,,0,5.295,13.863499999999998,20.718299999999996,22.08926,10.953333333333333,3,,,,,,0,,,,,,0,14.08296375990626,10.470677113569447,26.95985903172607,,83.6608,116.84513858064516,116.535296
9,v9-sr-mtls,http,5.0,false,true,true,false,false,false,29.0,44.0,58.0,65.0,79.0,111.60200000000077,34.38111111111111,17.17921982481968,0.0,7200,11.0,20.0,24.0,26.0,32.0,46.92100000000448,14.186419753086419,2.8778512044340228,0.0,810,1.342,1.48,1.7350500000000002,2.229160000000004,1.3313351999999998,5000,,,,,,0,8.839500000000001,10.7985,19.73129999999994,46.905459999999934,11.364555555555556,18,,,,,,0,14.453999999999999,19.026,22.6836,23.415119999999998,14.453999999999999,2,,,,,,0,,,,,,0,13.442717780853844,10.319398753164315,27.01461340056576,,111.60886503225807,102.31808,88.068096
9,v9-sr-mtls,queue,5.0,false,true,true,false,false,false,29.0,44.0,58.0,65.0,80.0,96.60200000000077,34.59652777777778,17.15278125201009,0.0,7200,11.0,20.0,24.0,28.0,33.0,40.292000000001735,14.569135802469136,2.8521628901917286,0.0,810,1.36,1.506,1.794,2.146060000000001,1.3535758,5000,,,,,,0,10.699,16.719,28.982599999999984,42.23252,13.411294117647058,17,,,,,,0,6.35,15.4905,22.802899999999998,24.26538,11.908000000000001,3,,,,,,0,,,,,,0,13.065170577262322,9.668126732671396,25.19500683881401,,115.654656,134.8928,109.67232
9,v9-sr-mtls,topic,5.0,false,true,true,false,false,false,29.0,44.0,57.0,63.0,78.0,96.80100000000039,34.29472222222222,17.13453465459634,0.0,7200,11.0,20.0,24.0,27.0,34.0,42.191000000000145,14.485185185185186,2.874715633839307,0.0,810,1.365,1.497,1.73605,2.335150000000003,1.3544012,5000,,,,,,0,9.694,15.131499999999999,21.441699999999955,36.63154000000001,11.995842105263158,19,,,,,,0,7.429,14.575,20.2918,21.43516,11.581000000000001,3,,,,,,0,,,,,,0,13.999446487792408,9.793787108398197,26.16668872241053,,111.28118503225807,116.36445316129031,86.532096
9,v9-sr-mtls,websocket,5.0,false,true,true,false,false,false,29.0,44.0,58.0,64.0,80.0,99.60200000000077,34.28666666666667,17.106851293943222,0.0,7200,11.0,20.0,23.0,25.0,30.909999999999968,41.573000000000434,14.138271604938272,2.853559551321797,0.0,810,1.367,1.502,1.7511000000000003,2.272050000000001,1.3539784,5000,,,,,,0,10.8525,13.865,29.399049999999974,42.88140999999997,13.846444444444444,18,,,,,,0,9.108,15.828,21.203999999999997,22.2792,12.266,3,,,,,,0,,,,,,0,13.793962191112273,9.992566458964545,26.580204084875877,,117.592064,123.150336,87.363584
